38.879997,45.25,37.25,40.75,51.0,45.12,39.379997,43.12,43.5
45.12,42.0,45.62,39.5,43.879997,41.379997,44.879997,40.0,45.12
69.0,64.33,59.67,61.829998,57.5,62.829998,62.829998,58.329998,63.17
59.5,58.67,55.0,53.5,55.0,57.67,57.0,59.67,60.0
59.0,57.329998,54.5,55.5,57.5,59.5,56.0,58.17,57.17
60.75,64.0,61.5,66.25,63.0,61.75,58.75,65.75,64.25
57.0,57.5,53.25,54.379997,41.0,43.5,47.75,50.62,49.62
7.329998,11.829998,7.829998,15.169998,14.0,28.0,37.5,33.329998,27.669998
43.5,45.33,51.83,50.0,49.33,43.829998,53.5,45.5,48.5
60.5,57.0,61.5,69.0,61.0,56.25,52.25,62.25,63.5
65.75,63.5,57.5,69.25,64.0,63.25,58.25,58.5,63.5
38.25,42.0,40.0,33.0,38.75,31.0,39.5,24.0,26.999996
54.0,57.5,53.5,53.0,54.0,56.0,53.0,55.25,56.5
66.5,60.5,66.75,56.75,60.0,64.5,59.0,69.25,66.25
29.5,29.5,41.17,37.67,31.829998,40.33,29.170002,27.329998,44.67
39.0,36.75,55.25,46.25,49.5,43.0,53.25,44.75,54.75
49.5,54.25,53.0,51.12,50.5,52.879997,45.62,48.120003,57.379997
58.75,57.0,57.25,63.25,59.25,65.0,54.5,58.25,57.5
63.67,58.67,62.67,61.0,57.829998,68.33,63.829998,63.329998,61.829998
58.67,51.329998,58.829998,54.329998,61.329998,61.829998,62.829998,59.5,60.5
79.25,72.0,67.25,69.5,69.5,76.25,86.25,65.5,72.75
10.619999,1.8799973,11.379997,3.5,1.3799973,8.249996,8.619999,4.119999,7.619999
74.0,75.75,73.0,73.0,72.5,71.5,76.5,76.75,69.0
69.5,71.25,72.25,70.75,69.25,69.5,69.25,67.5,71.25
69.17,69.83,67.5,67.33,65.33,66.33,66.83,65.67,71.83
81.33,76.17,79.83,79.67,74.5,75.33,74.5,76.0,77.5
78.83,71.83,80.17,70.83,74.17,76.17,73.67,70.0,77.83
80.5,78.0,79.5,88.33,83.0,76.67,76.5,78.0,75.5
78.67,83.17,76.83,86.33,77.67,77.17,74.83,77.67,76.33
74.0,79.5,65.67,68.17,70.83,66.67,73.0,69.5,67.17
82.75,80.75,83.75,84.0,86.75,78.0,78.75,77.5,82.0
77.5,79.5,84.25,79.0,87.0,80.0,71.25,78.0,78.5
68.25,75.75,70.75,73.5,75.5,73.75,70.0,69.0,66.75
62.0,70.5,64.75,68.75,67.75,71.5,67.25,64.25,60.75
70.5,66.5,65.75,66.0,72.25,65.75,73.25,66.0,60.5
80.0,80.0,75.75,79.5,80.75,81.5,79.5,75.0,81.0
76.75,78.75,75.25,74.5,76.5,72.25,72.25,78.0,74.75
74.0,74.5,74.0,74.0,80.5,70.0,68.25,80.25,72.0
67.25,69.0,69.25,66.25,71.25,69.5,63.5,66.75,70.25
71.25,74.0,71.25,78.0,69.0,74.75,67.5,66.75,69.75
84.5,83.25,79.25,83.5,82.25,82.25,77.25,77.75,76.5
84.75,83.75,85.5,78.75,86.5,81.5,88.0,78.75,83.75
73.33,70.33,73.83,74.33,75.5,75.5,77.83,70.67,68.83
75.5,74.83,75.5,76.83,78.17,78.5,78.33,74.0,75.17
75.33,83.5,76.83,83.83,77.83,87.17,80.67,78.5,80.17
73.83,81.33,80.17,81.5,79.0,81.33,80.83,81.17,78.5
72.83,76.83,77.33,77.33,75.67,77.5,75.33,80.0,73.33
71.0,69.17,69.5,68.67,71.67,69.0,74.17,74.0,67.83
76.0,74.17,72.17,74.5,77.17,72.83,79.83,82.0,72.17
71.88,66.25,70.88,71.38,67.62,68.88,63.75,71.119995,64.88
70.25,69.25,71.0,74.25,60.75,68.25,68.75,71.0,71.75
99.83,91.67,94.67,94.33,97.83,94.83,98.5,96.17,92.83
83.17,83.0,78.83,75.17,75.33,82.33,81.17,77.0,82.83
92.5,94.67,87.5,96.5,87.0,94.83,89.5,91.33,85.5
91.17,99.5,84.17,94.0,88.67,89.83,91.67,92.5,87.83
91.67,101.17,99.0,89.0,96.67,94.67,105.17,94.5,88.0
92.0,96.17,100.5,93.83,97.33,92.33,96.5,94.5,99.0
88.5,91.17,102.83,94.5,89.5,94.0,95.0,91.83,93.67
91.33,90.67,94.5,89.33,82.83,96.83,95.17,94.0,90.33
97.33,101.17,100.17,95.0,97.67,101.33,95.33,100.5,92.5
82.17,82.17,82.83,81.0,81.83,81.33,78.83,78.5,88.5
96.67,94.17,99.83,99.33,96.83,95.67,101.33,98.67,99.67
91.67,88.67,98.33,95.0,91.83,92.5,96.0,92.5,93.67
94.17,91.83,95.17,99.33,94.83,97.83,92.83,96.0,97.0
91.33,90.5,90.83,91.0,92.83,91.67,91.0,89.0,91.83
98.5,94.67,86.0,96.67,94.83,89.5,91.17,91.5,89.83
95.67,90.83,85.5,97.33,89.33,87.0,89.83,94.33,91.0
90.17,88.33,81.83,80.17,90.83,95.17,94.5,88.17,89.67
80.38,71.88,74.25,75.38,77.75,81.0,73.25,84.119995,73.25
57.5,61.5,54.0,61.75,61.5,66.75,55.5,61.0,51.5
69.0,62.5,58.5,55.0,70.0,70.0,46.0,53.0,54.5
65.83,66.33,66.0,64.67,63.17,64.67,65.67,61.5,68.83
58.67,58.67,64.5,52.67,59.329998,64.0,62.829998,64.17,57.67
38.620003,48.5,42.12,56.0,47.25,52.379997,55.25,55.75,58.25
22.0,20.499996,25.5,26.5,17.5,19.75,27.499996,19.5,29.0
47.5,46.5,46.5,47.0,44.0,46.0,45.5,45.5,44.0
49.5,49.5,50.75,48.5,43.25,47.5,47.0,45.0,49.25
64.25,60.75,64.619995,61.75,59.25,59.379997,62.62,61.0,55.12
64.5,63.25,65.25,62.75,65.25,66.25,68.75,63.75,67.75
64.0,68.5,65.5,66.25,64.75,67.5,68.25,66.75,66.0
70.5,73.75,64.0,66.75,67.5,73.5,67.25,71.25,75.0
77.75,73.5,78.0,75.0,71.75,73.25,74.75,81.25,77.5
73.5,75.25,80.25,76.75,75.0,69.25,73.25,76.75,76.75
58.25,62.0,59.25,66.75,60.75,57.25,64.25,64.25,61.75
74.33,72.67,69.5,71.33,72.83,72.5,69.33,73.83,74.17
79.67,80.0,79.67,78.17,82.83,79.17,83.83,83.67,83.5
67.83,69.5,74.83,72.0,69.83,68.5,77.17,67.67,73.0
74.33,75.33,74.83,71.67,73.33,74.17,74.0,74.67,70.5
61.5,58.75,63.0,62.0,62.5,62.5,63.25,62.0,60.75
89.0,82.0,76.5,80.75,77.25,84.75,78.25,80.75,79.5
68.33,74.33,75.5,70.17,73.33,74.0,76.33,76.83,69.83
75.0,79.75,76.75,79.25,82.75,77.0,80.75,83.5,69.25
62.25,62.5,68.25,62.75,62.25,65.5,64.0,69.0,67.75
68.25,66.25,67.75,67.0,68.0,70.5,64.5,69.5,77.5
73.0,65.33,66.83,69.67,70.33,72.0,71.83,70.5,72.17
4.0,3.75,6.5,3.75,3.75,4.0,3.75,5.25,2.75
46.0,41.0,47.5,47.5,49.5,48.0,45.0,44.0,50.0
49.5,51.0,40.0,43.5,44.0,51.5,53.0,45.0,46.5
53.12,55.379997,54.379997,51.75,52.379997,51.379997,51.62,50.75,53.879997
50.879997,58.0,55.879997,48.75,51.62,48.0,43.62,48.5,48.75
41.0,41.25,42.0,46.75,42.75,44.0,44.25,45.25,44.0
73.5,68.0,64.5,72.17,68.0,69.5,65.0,63.5,70.67
67.0,66.67,63.329998,64.0,61.67,66.67,63.0,64.0,64.33
69.5,71.0,75.5,68.5,71.5,72.5,68.5,67.0,72.0
49.17,52.329998,55.329998,51.83,49.5,54.5,51.0,57.5,54.17
37.25,37.75,25.0,31.75,10.5,33.25,65.86076,25.0,25.0
58.329998,50.5,54.329998,57.829998,57.0,56.329998,61.5,57.5,62.829998
58.25,54.67,50.58,51.079998,47.0,51.67,51.579998,54.17,54.67
46.0,55.75,47.75,43.5,41.75,39.25,36.25,46.0,44.75
44.0,44.83,45.67,57.17,59.67,53.829998,46.17,43.829998,36.0
44.0,54.0,52.67,56.5,57.829998,62.17,46.67,45.33,29.0
36.83,49.0,55.67,51.17,60.67,53.829998,55.17,45.33,41.83
59.329998,66.0,64.5,66.17,64.67,66.33,68.0,58.67,61.829998
46.829998,51.67,53.829998,48.5,53.829998,52.67,52.0,56.17,48.83
42.5,57.0,57.5,49.75,59.0,62.25,64.5,65.75,56.5
60.25,61.0,66.0,63.75,60.0,67.5,68.0,70.5,74.0
57.75,56.75,60.75,65.25,58.0,61.5,67.0,66.25,69.75
42.25,42.0,40.75,47.75,43.25,39.75,42.75,44.5,45.25
57.829998,60.5,67.0,61.5,64.17,60.67,58.17,63.0,65.17
63.829998,63.5,64.67,65.33,67.5,67.5,63.67,68.0,70.0
69.5,61.329998,63.17,67.83,63.829998,70.17,65.83,69.83,64.17
65.5,44.329998,47.5,48.17,46.67,52.0,62.5,57.329998,61.829998
69.33,60.67,58.829998,60.0,59.329998,64.0,63.5,61.17,63.829998
68.25,65.0,57.5,61.25,61.0,65.5,63.0,61.25,62.25
65.25,68.88,70.38,65.88,63.75,70.75,70.88,71.25,75.38
58.329998,60.17,66.0,64.67,58.17,62.17,64.0,64.67,57.67
68.5,67.17,66.17,69.33,67.17,61.67,65.83,67.33,65.33
69.67,68.83,67.17,68.17,68.17,64.0,65.0,67.83,66.83
69.75,64.25,73.0,68.5,67.0,68.12,59.62,68.619995,68.88
73.83,71.17,75.83,66.0,63.67,71.5,67.17,67.33,68.0
61.879997,61.62,59.75,63.75,66.0,55.25,64.0,63.5,54.62
62.0,63.5,59.5,58.67,60.5,56.5,56.829998,61.17,58.67
75.67,68.33,74.0,71.17,69.33,68.17,66.5,68.67,74.33
68.0,60.17,68.5,66.0,62.829998,66.17,67.17,60.0,63.5
55.67,53.33,57.17,57.0,63.0,59.329998,57.829998,59.17,61.17
67.88,65.62,66.88,66.38,70.119995,66.38,69.38,64.25,72.119995
56.329998,56.329998,56.0,54.329998,56.17,47.329998,53.829998,43.5,49.67
47.0,50.33,55.829998,59.67,51.0,52.829998,34.5,47.67,36.17
58.12,52.25,45.879997,46.879997,56.25,56.25,53.75,39.879997,54.5
35.83,44.17,39.5,42.67,39.5,29.5,46.33,32.67,37.5
43.75,39.25,46.0,45.0,51.5,51.25,45.0,48.0,47.25
56.67,57.67,53.17,60.829998,61.67,59.0,57.329998,58.329998,58.829998
48.75,49.25,50.0,55.5,63.75,51.0,49.5,56.75,43.0
69.33,75.17,65.83,69.0,76.67,87.0,67.83,79.83,72.0
79.0,75.5,75.0,76.25,80.0,94.75,78.25,81.0,88.25
57.25,52.25,51.25,56.75,59.25,67.75,54.0,54.5,49.5
63.74631,63.664925,60.74022,65.724815,70.233574,75.8517,62.315052,68.06279,64.84381
95.17,95.5,101.83,99.5,105.33,102.17,93.17,90.83,100.17
64.25,67.25,76.0,71.25,70.25,69.75,72.75,69.5,66.25
75.0,71.75,64.0,61.0,77.75,76.5,68.5,59.75,75.5
51.329998,60.17,53.829998,75.33,64.67,57.829998,48.0,55.0,66.17
52.829998,60.17,58.329998,51.67,66.17,47.17,58.17,59.67,50.17
45.879997,54.12,54.12,57.379997,35.0,41.879997,57.0,40.0,45.38
56.62,60.75,62.25,64.25,61.25,62.379997,57.0,61.75,66.0
58.844666,58.582016,58.516697,58.381863,58.86651,58.982727,58.851624,58.355606,59.04248
57.71516,56.226013,56.836918,56.853092,56.693996,57.52211,57.10353,56.581,56.856243
59.795128,59.143692,59.333107,59.234257,59.50934,59.78658,59.569824,59.205093,59.600613
54.632668,54.887005,54.405365,54.168983,55.135616,55.04531,55.004986,54.139473,55.50771
53.8023,53.973038,53.5181,53.270874,54.266674,54.211163,54.143642,53.237755,54.64712
57.682484,55.661476,56.60282,56.530563,56.446976,57.30431,56.743492,56.479626,56.393406
51.350327,49.77231,49.711792,50.057503,49.71678,51.388557,51.050186,49.358715,50.468918
46.890358,46.98674,46.162247,45.779533,46.430153,46.71926,47.858658,44.898712,48.256508
46.979317,45.16024,47.01942,46.301643,45.2528,46.410233,45.875114,45.337345,46.00369
51.470634,49.01519,51.09118,50.43019,49.399734,50.497215,50.38823,49.69105,49.960175
47.1457,44.791,47.00412,46.03089,44.817657,46.106995,45.83495,45.188873,45.261265
45.648155,44.007828,44.541527,44.442005,43.866493,45.51707,45.179756,43.720146,44.608475
50.418938,47.80812,49.75476,48.954815,47.694363,49.259094,49.22795,48.52279,48.485466
61.966473,61.23025,61.254868,61.937347,60.942303,63.548183,60.99008,62.447098,62.50431
65.57819,65.39443,65.881195,65.34814,65.44249,67.33319,65.964485,67.04167,68.56186
46.237465,44.22328,46.01848,45.36805,44.3632,45.66938,45.06684,44.438198,45.0798
59.5497,58.33915,58.85218,58.775536,58.86081,59.373726,59.021328,58.738686,58.875942
56.97348,54.869644,55.840755,55.75978,55.696304,56.58857,56.001873,55.705597,55.648617
59.856956,58.452232,59.088337,59.0263,59.01705,59.612297,59.216354,58.98823,58.996284
57.469448,54.98302,56.12302,55.959763,55.848606,56.872856,56.255733,56.13114,55.662098
68.60425,63.45262,65.251755,64.81525,65.67289,66.97192,65.75164,67.461006,64.0327
62.290062,60.080658,60.99342,60.919353,61.074905,61.76295,61.199547,61.399513,60.642254
50.66893,51.082314,50.44908,50.10794,51.438858,51.288544,51.176746,50.135223,51.888264
50.502148,50.92565,50.47502,49.973557,51.225803,51.158596,51.0467,50.086044,51.790882
54.632668,54.887005,54.405365,54.168983,55.135616,55.04531,55.004986,54.139473,55.50771
48.701347,49.544136,48.420452,48.246246,50.2217,49.7071,49.28231,48.420303,50.264835
72.85268,67.479294,69.319885,69.24414,70.4735,71.30937,70.035995,72.03159,68.23842
54.120457,50.98335,52.908363,52.018867,51.241104,52.645714,52.23783,52.402973,50.89688
51.587696,49.394096,50.767464,50.68408,50.28103,51.326748,50.585327,49.930763,50.5804
77.577225,71.9453,73.66067,73.6988,75.27863,75.98185,74.62462,77.00411,72.69792
52.140057,52.47123,51.836346,51.57464,52.708313,52.597317,52.62919,51.47931,53.21928
46.689636,44.4613,46.410034,45.689167,44.69268,46.0082,45.391068,44.88597,45.33571
55.671436,52.519115,54.297718,53.49564,52.79403,54.42343,54.270523,53.868187,53.244545
56.01482,53.72532,55.435833,54.560875,53.867462,55.174038,55.545975,54.53617,54.785286
48.974266,46.20706,48.45184,47.497253,46.496227,47.824974,47.414566,47.062653,46.67218
63.80687,62.006126,62.849133,62.57101,62.221405,63.82218,63.685665,63.19994,63.944454
84.45968,84.532814,79.38043,83.44336,82.13374,84.04397,83.61659,83.59854,83.111046
58.088238,57.543484,60.39779,60.242832,57.38763,58.718987,58.976826,60.676643,62.130775
58.233734,57.98454,61.497322,60.558434,56.98536,60.475952,61.213432,62.622215,64.33368
61.488663,61.533398,65.05941,63.110645,60.052307,64.58495,65.27204,66.131256,67.56296
61.488663,61.533398,65.05941,63.110645,60.052307,64.58495,65.27204,66.131256,67.56296
61.029053,60.298927,64.8277,62.903034,62.90356,62.18208,59.005733,63.787586,65.16459
57.19617,57.04636,60.510063,59.881554,58.769962,57.91607,56.728466,60.14808,61.55048
60.95067,60.15434,64.92424,62.877377,62.912407,62.158684,58.7838,63.817635,65.23538
41.519325,43.063507,45.437386,45.267685,42.9051,46.041237,48.338634,47.088387,49.835075
36.10561,37.187065,42.09281,41.378548,40.9042,43.71912,49.123222,45.322342,48.01391
65.5298,66.15052,68.10548,66.127975,68.21866,68.083786,67.820526,65.34171,67.163704
54.16431,55.494537,55.502415,55.5567,52.768852,55.054035,54.77863,55.758026,57.529213
55.326572,56.244976,55.52632,57.040775,53.364784,56.279037,53.288773,55.880127,57.17644
57.29809,58.860535,57.00088,58.41285,57.51685,56.179237,54.723873,57.291523,59.013016
57.12732,59.24459,57.947754,58.324493,56.113594,55.79532,55.88856,56.818893,58.0997
58.944633,60.934483,59.665016,60.048737,59.29972,57.516388,57.478374,58.579147,59.088585
58.278435,59.99028,58.614906,63.484985,62.015038,59.381386,56.949028,59.079227,62.843517
59.283604,62.008774,59.86128,66.16386,63.235664,60.77008,57.66594,60.29957,64.093216
67.41117,66.88244,65.17691,67.89561,70.61578,76.09869,66.49764,69.79032,69.41067
65.27717,65.10178,62.015945,66.631615,70.67744,77.69206,63.734688,69.06981,66.85112
65.27717,65.10178,62.015945,66.631615,70.67744,77.69206,63.734688,69.06981,66.85112
67.02799,67.02799,67.02799,67.02799,67.02799,67.02799,67.02799,67.02799,67.02799
62.30597,63.069805,59.766335,66.369736,69.63209,74.04271,60.677704,66.68987,64.50738
56.389458,56.578136,54.6828,59.70047,60.260647,59.055286,56.94983,58.463436,58.604637
59.104862,59.23922,57.864365,61.564594,61.955147,61.09188,59.519493,60.66164,60.758644
57.799843,57.948513,56.390118,60.656906,61.082912,60.116158,58.279465,59.626377,59.730244
65.66261,65.704384,64.48043,66.59354,68.262245,70.49122,65.061935,67.36312,66.201385
65.405304,65.4551,63.999588,66.51253,68.49604,71.14711,64.69094,67.42702,66.04695
59.104862,59.23922,57.864365,61.564594,61.955147,61.09188,59.519493,60.66164,60.758644
59.656452,59.771385,58.54724,61.93488,62.261436,61.507732,60.037975,61.121872,61.200474
57.936325,58.043423,56.723793,60.711784,60.986652,60.228542,58.392242,59.802788,59.85935
56.7463,56.277195,56.287975,59.182545,59.89643,59.541897,57.229145,58.881042,58.817635
47.296654,52.57133,49.617764,51.622646,49.617764,43.29321,53.937435,45.298096,48.35285
62.745064,61.895603,63.956276,63.858562,61.444168,63.48642,61.530514,63.960407,63.813328
62.38841,65.22437,60.943775,64.7999,61.82246,63.358307,65.782425,59.381485,60.481804
65.66261,65.704384,64.48043,66.59354,68.262245,70.49122,65.061935,67.36312,66.201385
74.52841,72.706764,74.202774,72.86417,72.882576,72.70659,73.74774,74.45697,73.02741
66.063545,67.91979,63.39551,66.632744,65.09482,67.39953,66.8571,62.33664,62.556164
76.06116,77.918785,77.81969,76.47743,76.97151,77.49518,78.37621,79.96194,76.47143
73.01784,75.92813,74.2756,73.75523,74.90352,75.59149,75.6261,77.95605,73.75983
70.591965,72.7191,71.10121,71.08708,71.78133,72.8745,72.24358,74.72537,71.88707
71.35263,73.65609,71.81095,71.88117,72.68136,73.56594,73.08307,75.54483,72.30842
62.63027,60.75713,61.94379,61.409267,61.12573,62.671326,62.55552,62.052555,62.85467
68.62256,69.46431,68.64121,68.42399,68.5405,70.77271,69.426605,71.067505,71.58781
69.76679,71.975395,70.53394,70.31278,71.12399,72.2003,71.59859,74.14136,71.198456
50.32959,49.30678,47.194954,47.694115,46.501842,49.225105,51.611088,45.931232,50.167953
67.40611,67.55179,67.137794,66.4481,68.72793,67.235794,64.861496,64.26044,63.901627
71.10551,75.476875,71.15174,75.589226,73.25995,75.198296,70.21371,69.06398,68.18449
70.70338,75.01275,70.714874,75.22634,72.86361,74.77364,69.86134,68.550674,67.89249
66.063545,67.91979,63.39551,66.632744,65.09482,67.39953,66.8571,62.33664,62.556164
64.75307,66.63943,63.29741,65.04077,64.692894,65.71194,64.358894,61.702354,60.402416
66.79628,67.290215,66.45974,66.068436,67.91566,66.571396,64.66642,63.62823,63.226143
63.528828,64.932,61.993805,63.105816,63.293907,64.06106,63.2189,60.353302,58.95021
61.51175,64.17134,60.129234,63.538216,60.98725,62.60766,65.26033,58.4606,59.681698
65.70639,64.99771,65.98549,67.87742,65.6207,64.58707,66.76932,67.31568,65.8676
69.09574,68.08484,68.94571,70.456245,68.05371,67.50974,68.926155,69.97611,68.74509
67.25694,66.626526,67.58745,69.47792,66.944466,66.08869,68.57108,68.934425,67.3966
67.06658,66.129135,65.771324,68.052734,66.051025,64.78426,67.081795,67.99239,66.60417
67.25694,66.626526,67.58745,69.47792,66.944466,66.08869,68.57108,68.934425,67.3966
70.08595,69.163536,69.0394,68.18067,67.74411,69.77285,71.37868,70.08918,70.756905
66.06544,63.625736,64.208336,66.923256,64.26283,63.20414,65.71797,66.80761,64.563095
68.49052,67.536415,67.76121,67.625465,66.70747,67.75704,68.63828,68.98854,67.80415
65.72029,64.68301,67.00328,66.89592,66.068855,65.61332,65.414505,66.97195,66.56953
67.86211,63.29006,63.80444,64.444046,62.916786,63.954445,66.58896,66.50452,65.666794
66.78732,67.993706,66.86622,68.98048,69.62634,67.2867,65.99314,66.513985,65.380936
67.006,68.121635,67.01971,68.87304,69.47821,67.30521,66.18574,66.82338,65.68206
63.85983,66.25248,65.1403,68.03188,67.099464,64.58033,63.756756,63.52492,63.081203
66.98392,68.10379,66.99734,68.863976,69.47375,67.28635,66.15955,66.805756,65.64344
66.79333,67.72765,66.81533,68.44123,68.96228,67.098854,66.12018,66.66239,65.602684
64.5144,66.986206,65.948044,68.756134,68.20836,65.3465,64.19879,64.024994,63.810875
66.96195,67.78789,66.9842,68.38142,68.82698,67.21986,66.3741,66.81215,65.98462
67.48227,68.75912,67.417,69.31424,70.02076,67.547844,66.40257,67.35546,66.004036
65.50688,66.77758,65.66738,68.34753,69.094864,66.40235,64.7864,65.30715,63.59067
66.04811,67.64269,66.27929,69.33996,69.885056,67.121506,65.40262,65.42059,64.46367
56.46058,58.367867,60.875595,60.54664,61.125244,62.337433,58.572876,54.686317,50.767532
67.02799,67.02799,67.02799,67.02799,67.02799,67.02799,67.02799,67.02799,67.02799
47.503548,51.566067,55.100086,52.997192,55.76332,54.750576,52.340134,45.039314,41.179726
67.006,68.121635,67.01971,68.87304,69.47821,67.30521,66.18574,66.82338,65.68206
51.052765,54.813683,58.291447,57.045498,59.195477,59.113216,55.840637,50.07861,45.80799
66.985886,67.88418,66.997375,68.49949,68.98671,67.23371,66.328285,66.84027,65.91189
80.41056,79.12645,80.84864,79.29893,77.88063,77.996506,78.46573,80.43634,80.13137
78.16866,75.985405,77.070206,76.3443,74.30668,74.976944,74.80955,77.71117,76.70793
90.93121,90.72174,95.45478,92.11624,90.013214,91.10839,92.98364,92.269165,92.42781
74.882095,73.342606,74.10731,73.59566,72.158966,72.63154,72.51341,74.559395,73.852005
71.29946,72.38757,72.8832,71.408325,71.7069,72.1244,72.90764,74.66181,71.56276
70.24811,71.964874,70.99959,70.73836,71.43993,71.69647,71.86289,73.35572,70.53464
67.470055,69.1883,68.294624,68.14579,68.49358,69.36585,69.19353,70.87851,68.81243
71.35838,73.67407,72.30186,72.022064,72.97978,73.30613,73.499374,75.47113,71.71861
70.05936,71.64286,70.77128,70.50881,71.15915,71.38654,71.55973,72.93909,70.30701
70.354965,72.05825,71.16177,70.83527,71.532776,71.77763,71.992065,73.492065,70.616425
70.12178,71.700516,70.87481,70.56655,71.212776,71.43974,71.642204,73.034424,70.36325
46.247513,46.843407,52.50071,50.947426,48.97596,49.817764,49.299202,46.845474,52.880833
54.142727,58.324966,58.345814,56.133965,59.73004,57.330647,59.366825,61.545048,56.026543
58.893238,59.870934,60.26895,60.09739,59.133244,60.675556,61.05792,61.514313,62.01258
59.607952,61.401005,64.49678,61.75794,60.408035,64.60041,65.55755,66.45779,66.33074
57.208076,57.348495,58.160786,58.35016,57.926094,57.099495,55.203224,58.62783,58.62356
40.73182,42.253807,45.025818,44.521294,42.639008,45.617023,49.229492,47.402664,49.942253
69.48821,70.77329,70.07122,69.85277,70.37982,70.5656,70.70853,71.8311,69.69101
50.502148,50.92565,50.47502,49.973557,51.225803,51.158596,51.0467,50.086044,51.790882
69.14334,69.66143,71.918564,68.37113,73.84017,73.01606,71.35094,66.55906,70.8675
66.71276,67.77105,71.32037,67.646126,71.58526,71.02567,70.42716,66.00665,68.90228
69.81323,70.51234,69.41374,69.41374,69.214,68.81451,70.81195,70.91183,67.81579
69.21149,69.75955,68.89831,68.89831,68.741714,68.428535,69.99444,70.07273,67.645584
70.55514,71.44047,70.04924,70.04924,69.79629,69.29038,71.81989,71.946365,68.025635
70.190414,70.98419,69.736824,69.736824,69.51003,69.05644,71.32439,71.43778,67.92247
64.76306,64.652985,65.36926,64.569,64.47811,66.69366,65.460976,66.52135,67.8075
77.577225,71.9453,73.66067,73.6988,75.27863,75.98185,74.62462,77.00411,72.69792
79.0863,73.79358,74.77535,74.95234,76.532715,77.597855,76.30904,78.23729,74.41022
77.79826,75.33372,73.561035,73.57565,74.92601,77.43653,76.67542,75.887085,75.36572
82.32085,80.16461,77.23632,78.55768,79.19541,81.46178,80.99654,80.39659,79.88241
87.39677,88.38785,90.96694,88.30113,88.07961,88.25409,90.3342,89.46956,88.50168
88.47837,89.67673,93.74378,90.18794,89.42756,90.07704,92.203514,90.46232,90.28723
90.74637,90.98491,96.51873,92.52762,89.91495,92.63757,94.36774,92.833626,92.90934
87.158104,88.7094,90.9669,88.163925,88.20301,88.46938,90.60515,89.97645,88.256546
87.982704,88.836426,91.81474,88.9514,88.52751,88.81221,90.94889,89.99371,89.17318
83.61152,83.8159,87.75773,85.98111,82.442375,84.907234,86.89247,86.061874,85.18538
87.99416,88.06878,92.84432,89.444916,86.53442,89.90057,91.056564,89.914665,89.557816
91.90203,92.67622,96.67691,92.53195,90.31653,94.58011,94.079956,93.9448,92.84531
91.71904,92.36627,96.61006,92.52031,90.11151,94.28854,94.13081,93.81572,92.71374
90.42787,91.61233,93.3167,89.41196,88.73835,92.89439,90.2416,91.346344,90.92249
90.42787,91.61233,93.3167,89.41196,88.73835,92.89439,90.2416,91.346344,90.92249
87.99416,88.06878,92.84432,89.444916,86.53442,89.90057,91.056564,89.914665,89.557816
86.92261,88.30131,89.17002,85.869995,85.99833,89.0269,86.291565,87.836586,86.693756
88.56012,89.94223,90.84377,87.36097,87.640434,90.52458,87.47855,88.997574,89.10452
60.990208,59.905067,60.821953,61.871872,60.59162,60.510025,57.425747,60.769604,61.343395
61.733177,60.68769,61.974,62.783382,61.264866,61.247787,58.48913,60.67945,62.178772
54.192333,55.070824,59.488197,57.87448,58.852623,58.040997,55.64113,53.761642,52.244404
41.84653,42.59285,49.341293,47.510567,45.40042,46.76574,47.17479,43.465622,50.419388
88.55921,88.81512,83.03048,87.92142,86.39511,87.34014,87.28827,87.17208,85.72561
88.55336,88.94009,82.46615,87.12567,85.43297,87.5177,87.31759,86.88021,85.81439
84.01085,85.003555,80.16069,84.02918,82.242874,83.89834,83.059685,84.407104,83.34553
67.95406,67.300255,67.5158,67.37798,67.32044,69.32487,68.42364,69.06824,70.32542
67.31532,68.61824,68.396866,67.74492,67.98586,69.431015,68.69244,70.79449,69.42614
70.91394,73.52644,71.7793,71.59859,72.632126,73.37791,73.06236,75.68882,71.850746
85.53076,88.457,85.56305,86.3417,86.51615,87.11362,87.94357,88.29289,85.03304
89.3694,91.096214,86.71532,89.69023,88.471344,89.48821,89.63883,89.49959,87.71213
84.5476,86.583046,85.56415,84.86545,85.134384,86.01318,86.82591,87.26882,84.77897
89.42772,90.40579,84.765465,89.40727,87.394455,88.50813,88.35363,88.85361,87.19599
86.42997,87.92913,87.45665,87.01522,87.02457,87.42964,88.56023,87.71223,86.311165
89.42772,90.40579,84.765465,89.40727,87.394455,88.50813,88.35363,88.85361,87.19599
87.70461,89.27303,90.968994,88.61177,88.806725,88.99332,90.93031,90.24576,88.621346
73.43607,76.26509,74.340485,74.11035,75.27322,75.69014,75.89855,77.74194,73.7245
70.335846,69.38846,70.52692,71.82399,69.2481,68.92807,70.43854,71.3727,70.128334
89.94654,91.18366,92.89749,89.00304,88.216064,92.607155,90.08767,91.27471,89.826965
89.56247,90.94264,92.12462,88.46989,88.55782,91.65131,88.70674,90.14418,90.15755
83.61788,84.77173,85.19755,82.57731,83.17521,84.94141,82.3392,83.67075,84.25187
91.46675,91.23115,96.295074,92.71364,89.92537,92.36099,93.934616,92.97513,92.95412
85.85889,87.70721,87.32875,86.54696,86.766655,87.20266,88.45024,87.66433,85.8441
66.059044,66.59419,66.94623,66.11261,66.25236,68.2804,67.126656,68.58458,69.27162
65.14115,65.25598,65.93336,65.18703,65.01642,67.16602,65.52153,67.47492,68.41505
63.673805,62.73399,66.97305,64.98653,65.31041,64.69299,61.443832,65.895256,66.87859
73.43171,72.17639,72.79985,72.38273,71.21128,71.596596,71.500244,73.16854,72.591736
63.23329,62.270264,66.74426,64.668465,64.973885,64.31573,60.917576,65.61847,66.69072
70.40986,71.9521,71.36918,70.82733,71.44718,71.67116,72.021805,73.471016,70.62011
65.78012,65.072365,65.27147,67.54274,65.464615,63.453033,66.11159,66.828224,65.22867
71.16405,72.20222,70.57081,70.57081,70.27419,69.680954,72.64714,72.795456,68.19786
63.004044,62.40717,64.04424,64.14969,61.767433,63.632145,62.220406,64.69773,63.609646
58.8609,60.457344,63.84324,61.191338,59.372917,63.786034,64.79055,65.82284,65.98159
61.488663,61.533398,65.05941,63.110645,60.052307,64.58495,65.27204,66.131256,67.56296
55.346153,59.15037,60.524384,58.036697,60.25622,60.306175,62.385273,63.960205,59.826332
64.628914,65.281906,65.67312,64.97937,64.74135,66.82451,65.641174,67.519,67.48885
62.60965,62.32406,62.501076,62.87918,61.9191,64.56038,62.10307,63.86239,64.25545
62.469852,62.56218,62.839634,62.904636,62.0606,64.51613,62.63239,64.26522,64.804214
65.6516,67.244095,65.87733,68.883125,69.21069,66.60368,65.12224,65.07314,64.09029
89.48212,89.73536,83.662476,88.68884,87.09774,88.32941,88.18253,88.08521,86.66561
83.87776,83.386505,78.8402,81.47509,80.78612,83.59968,83.08272,82.20484,81.796165
72.29807,75.13252,73.91285,73.25669,74.539375,74.579445,75.24068,77.28748,72.38783
73.65356,76.77786,74.6717,74.43308,75.70146,76.24475,76.37604,78.634674,74.13682
62.228268,63.07147,63.22169,62.947533,62.253498,63.967583,63.40973,64.66507,64.82663
53.930893,51.35538,53.292976,52.330383,51.518955,52.944664,53.207764,52.25151,52.35731
89.87169,89.83254,83.31712,88.03093,86.47415,88.565765,88.28677,87.89307,86.83312
83.93187,83.0401,78.76797,81.20829,80.68872,83.450035,82.84224,82.00808,81.724144
77.61202,72.08647,73.28179,73.37259,74.86611,76.01252,74.695755,76.641655,72.70915
67.749245,62.625084,64.63719,64.18412,64.95775,66.09019,64.89141,66.727394,63.22282
88.38639,88.96501,83.31691,88.471886,86.14974,86.95514,86.93028,87.34834,85.635666
70.49454,72.59546,71.26879,71.11579,71.949135,72.33515,72.38608,74.19446,70.97472
37.960464,39.5244,38.73607,38.11099,39.070904,39.565483,39.584152,38.20691,41.137577
39.78126,40.300095,39.286263,38.9544,38.83864,40.273247,41.83963,37.951675,42.13701
43.93393,43.060043,42.37584,41.834072,41.773903,43.35516,45.413723,40.495712,44.81724
44.932175,44.778194,43.403244,43.44999,42.656986,44.582024,46.415726,41.989883,46.268005
39.8107,40.302803,40.040047,38.86592,40.76828,40.811584,40.629154,39.187744,41.851692
45.007145,46.019638,45.49836,44.930984,45.822685,46.138916,46.116066,45.040367,47.250534
44.90532,45.617615,45.185535,44.47294,45.670937,45.86065,45.82494,44.607544,46.861214
40.1548,40.701645,40.434452,39.34457,40.84166,41.124996,41.153328,39.528217,42.290413
45.007145,46.019638,45.49836,44.930984,45.822685,46.138916,46.116066,45.040367,47.250534
57.292805,57.005424,57.835686,59.86278,58.623386,59.851418,57.609863,59.998207,59.577717
58.681812,58.478344,59.72442,61.020123,59.42721,60.910454,58.78305,60.957066,60.894276
31.17585,32.2419,39.806114,38.20603,36.982716,39.618813,43.937256,38.793304,44.59832
74.34295,74.59291,76.6737,73.726425,79.827,78.38368,74.912994,70.63734,76.3702
79.83614,80.22559,82.13393,81.38943,86.088745,83.39184,78.18591,76.44999,81.78639
80.002594,80.01853,81.21498,79.91429,86.27521,83.70203,77.9836,75.164665,82.02359
68.96555,69.62038,72.29804,68.41421,74.10591,73.24774,71.61651,66.46768,70.90416
79.68136,80.1906,82.00585,81.4388,86.20749,83.20449,77.9358,76.37657,81.5141
79.76067,80.09459,82.01507,81.203835,85.8277,83.26676,78.15382,76.41015,81.72869
79.34293,79.923035,81.64726,81.24594,85.96503,82.85279,77.59647,76.08536,81.06678
61.29202,59.264862,59.80758,60.973587,61.751354,59.73888,61.535374,58.809036,63.161434
65.19814,66.73811,64.8911,67.75324,66.3019,66.97703,65.23608,63.14952,64.82087
68.20833,67.619156,68.407074,67.385544,69.12129,68.11916,67.14678,65.82642,66.80136
60.308613,58.24267,58.80526,59.814644,60.74968,57.936184,60.347458,56.710762,61.546898
61.50026,59.47216,60.121902,61.09632,61.959164,59.406166,61.79591,58.046036,62.574955
67.66239,68.707245,72.256165,68.72846,72.27216,71.615295,71.15784,67.09738,69.37059
67.44008,68.124344,70.44894,68.14147,70.449295,70.02115,69.73023,67.07862,68.55223
67.621895,68.63928,72.1396,68.47964,72.42978,71.75896,71.119,66.78109,69.49291
71.18955,74.82385,70.90451,75.24369,72.50586,74.79564,70.009796,68.923965,68.29179
67.44008,68.124344,70.44894,68.14147,70.449295,70.02115,69.73023,67.07862,68.55223
63.530277,65.851234,64.75685,67.487686,66.26131,64.067116,63.54542,63.34819,62.832104
66.89165,67.42256,66.903015,67.828186,68.123886,67.06446,66.5088,66.818535,66.21294
63.272274,65.40531,64.27447,66.77999,65.96467,63.326744,63.357754,62.762142,62.047386
66.957306,67.86114,66.969124,68.48906,68.98198,67.21092,66.29539,66.81613,65.863235
68.80005,65.644005,65.888565,65.350586,64.338684,67.01342,69.16813,67.66913,68.46278
49.568108,50.83935,50.190536,50.02066,50.351967,50.75142,50.718903,50.056084,51.77656
53.773903,55.227375,54.48588,54.651657,54.514214,54.97586,54.927906,54.62871,55.898987
42.040367,44.565407,43.275913,43.429047,43.427013,44.126907,44.0884,43.39982,45.83107
45.007145,46.019638,45.49836,44.930984,45.822685,46.138916,46.116066,45.040367,47.250534
45.007145,46.019638,45.49836,44.930984,45.822685,46.138916,46.116066,45.040367,47.250534
51.39856,54.921852,58.48463,57.101524,59.266117,58.865932,55.98124,50.692543,46.945213
48.04504,52.036118,55.38798,53.22897,56.048283,54.814674,52.81897,45.71145,42.217678
61.062492,63.753426,62.52273,63.719826,62.20452,60.084183,60.676044,60.802402,60.4836
64.914894,66.95835,65.74741,68.75695,68.17206,65.48949,64.78943,64.257195,63.412216
66.999146,68.53913,67.42619,70.28003,71.26834,68.294846,66.23394,66.17091,65.638336
59.126064,59.878086,58.47432,58.22359,58.97268,57.313515,56.82012,58.24359,59.228535
48.04504,52.036118,55.38798,53.22897,56.048283,54.814674,52.81897,45.71145,42.217678
44.530045,46.531815,45.717392,45.801052,45.05751,46.282112,46.435898,45.61752,47.812645
50.447113,52.476986,51.453564,51.800686,51.388233,52.092125,52.026253,51.740036,53.309967
74.31879,75.0462,75.91039,76.161865,79.290794,76.615295,73.06015,72.24215,75.151024
76.76904,77.44041,78.5759,78.50391,82.739075,79.72573,75.17894,73.82905,78.018845
65.201675,67.2809,66.70039,68.86214,69.33679,66.25326,64.87189,64.110794,64.58728
70.70338,75.01275,70.714874,75.22634,72.86361,74.77364,69.86134,68.550674,67.89249
71.10551,75.476875,71.15174,75.589226,73.25995,75.198296,70.21371,69.06398,68.18449
68.22643,67.57484,68.53953,67.482544,69.125,68.176735,67.34876,66.10374,67.177444
67.25774,67.45774,66.931885,66.29925,68.54705,67.11195,64.74482,64.03809,63.628674
65.558525,66.714134,64.06247,65.296585,65.37232,65.76134,64.75949,61.85515,61.02456
65.58802,66.99579,62.430794,65.66405,64.25173,66.462006,65.9386,61.27819,61.68024
61.789433,64.31772,63.21733,63.925606,63.271202,60.997242,60.9784,61.407124,61.43952
61.257637,64.00244,62.827667,63.75893,62.67235,60.481102,60.595116,60.966965,60.926117
58.375744,57.822308,57.129753,57.738342,58.418774,56.443214,56.76824,56.78807,60.225815
58.542244,59.50372,58.123318,57.776474,58.117523,57.028744,55.866577,57.988007,59.51625
60.83781,58.45815,59.27105,60.225067,61.22134,58.85412,61.08445,58.217983,62.766613
60.85248,58.85054,59.756413,60.37776,61.150402,58.311104,60.920403,57.580223,61.07867
64.6145,64.832535,64.05919,63.861732,65.60687,63.532513,62.383354,60.90697,61.167995
60.087574,59.56726,60.446514,60.564335,61.56521,58.06756,59.398853,57.93012,58.53498
64.75307,66.63943,63.29741,65.04077,64.692894,65.71194,64.358894,61.702354,60.402416
60.57303,58.225662,59.207664,59.94063,61.087406,57.93137,60.789085,56.908825,61.5029
60.238747,57.77899,58.84464,59.748627,61.150566,58.60418,60.63582,57.981136,62.49957
60.22899,57.908863,58.370056,59.476006,60.309868,58.544834,60.09398,57.865417,62.076385
65.05709,64.51678,65.128685,64.5771,65.92206,64.07242,63.535713,62.201023,62.543987
65.851265,66.43473,65.51061,65.11955,66.92731,65.104935,63.63523,62.15539,61.989197
58.375744,57.822308,57.129753,57.738342,58.418774,56.443214,56.76824,56.78807,60.225815
72.79683,73.71997,74.15909,74.83517,77.709564,74.46141,71.361725,71.51406,73.11118
63.647186,66.12057,64.975044,67.83299,66.88758,64.305145,63.501396,63.299397,62.868725
74.17583,71.8599,73.83178,72.67263,72.11607,72.20655,72.56055,74.127266,72.152306
67.02799,67.02799,67.02799,67.02799,67.02799,67.02799,67.02799,67.02799,67.02799
66.7718,65.130905,67.23796,67.133644,64.78367,66.18305,65.21772,67.733665,66.62329
66.45654,68.23881,63.852802,67.07006,65.627686,67.89126,67.35448,62.753986,63.01928
70.188484,69.65342,70.20816,69.01511,71.03808,70.0195,69.01281,67.2584,68.26897
70.97636,69.99422,69.42422,68.52903,68.60711,70.49033,72.20354,70.545235,72.04446
58.704338,59.480247,60.0253,59.82126,58.77095,60.572968,60.6225,61.21156,61.975456
48.334488,47.476974,46.68663,46.939003,46.233788,48.086964,49.329464,45.520485,48.8674
48.65504,47.746216,45.660664,46.09894,44.96267,47.66548,50.064934,44.341263,48.736916
72.0778,74.875046,72.71157,72.779305,73.925385,74.446106,74.338776,76.78235,72.61088
50.55889,53.520557,51.973034,52.895267,51.864777,52.816,52.625275,52.78686,54.261375
40.539482,41.059174,40.037506,39.756924,39.548058,41.006386,42.60147,38.726837,42.856224
44.913857,45.879433,44.956882,44.82825,44.245804,45.864265,47.06958,44.228516,47.387108
41.21304,41.41131,41.142593,40.021523,41.760933,41.89836,41.99392,40.13264,42.93542
38.668518,40.225166,39.44519,38.850636,39.757004,40.2516,40.27304,38.94023,41.79802
70.95492,71.9406,70.39168,70.39168,70.110054,69.546814,72.36302,72.50384,68.13871
62.088356,62.900467,59.61081,66.29838,69.535934,73.71348,60.470215,66.5106,64.272766
63.25274,63.258217,60.08375,65.52912,70.276024,76.086716,61.705666,67.883865,64.36515
62.242805,62.99106,59.58381,66.33425,69.76218,74.42147,60.56326,66.766594,64.47763
63.356262,63.35489,60.280567,65.55186,70.17642,75.8055,61.85872,67.85575,64.41476
64.81964,64.7236,61.411156,66.54078,70.80976,78.00929,63.16743,68.94705,66.536514
64.59137,64.7062,62.52471,66.33196,69.19493,73.102905,63.518745,67.581314,65.62604
64.291725,64.41812,61.773632,66.319534,69.704216,74.584435,62.98668,67.8277,65.615875
65.054184,65.11527,63.34179,66.4039,68.81771,72.04932,64.183624,67.51587,65.83919
56.091152,59.176975,59.651085,57.377495,60.583164,58.060818,59.736755,61.992683,57.429222
54.288727,58.7143,59.04437,56.68326,60.486794,58.31523,60.687393,62.34709,56.540627
72.79683,73.71997,74.15909,74.83517,77.709564,74.46141,71.361725,71.51406,73.11118
69.44612,70.836464,70.53322,72.72907,74.83333,71.35821,68.38421,68.18426,68.87979
66.95988,67.93496,66.981735,68.62532,69.1523,67.25308,66.25952,66.78912,65.801994
80.002594,80.01853,81.21498,79.91429,86.27521,83.70203,77.9836,75.164665,82.02359
67.621895,68.63928,72.1396,68.47964,72.42978,71.75896,71.119,66.78109,69.49291
68.96555,69.62038,72.29804,68.41421,74.10591,73.24774,71.61651,66.46768,70.90416
79.34293,79.923035,81.64726,81.24594,85.96503,82.85279,77.59647,76.08536,81.06678
62.639072,63.3788,65.41106,63.622097,65.2096,65.46381,65.50296,63.136467,65.09436
66.496414,67.29602,70.006134,66.99827,70.51959,70.099464,69.43786,65.666145,68.46483
67.02799,67.02799,67.02799,67.02799,67.02799,67.02799,67.02799,67.02799,67.02799
56.281933,57.277924,56.50459,57.964813,54.43041,56.911697,54.208786,56.631878,57.9249
54.288727,58.7143,59.04437,56.68326,60.486794,58.31523,60.687393,62.34709,56.540627
54.97751,59.16568,58.976963,56.78549,60.54155,57.98361,60.17932,62.095333,56.46389
55.76536,59.384174,59.6926,57.671963,60.604782,58.344166,60.11811,61.370655,57.296085
58.754574,58.50945,61.852654,60.93442,57.333702,61.012283,61.87307,63.04533,64.69784
58.088238,57.543484,60.39779,60.242832,57.38763,58.718987,58.976826,60.676643,62.130775
57.19617,57.04636,60.510063,59.881554,58.769962,57.91607,56.728466,60.14808,61.55048
49.489616,52.49287,50.925934,51.81261,50.834785,51.79082,51.60693,51.707527,53.29263
57.307365,58.727306,57.99607,58.3365,57.961906,58.422142,58.35,58.293144,59.192345
57.307365,58.727306,57.99607,58.3365,57.961906,58.422142,58.35,58.293144,59.192345
52.048557,54.226494,53.10389,53.623413,53.0529,53.76008,53.649925,53.556854,54.94406
44.911438,43.834915,42.127213,42.043404,41.62937,44.02793,46.130165,40.597878,45.080906
45.915085,45.197456,44.18971,44.012115,42.74898,45.18802,47.402596,42.518883,46.95845
61.195183,58.199013,57.65271,57.08609,57.790443,60.476677,61.569736,58.20495,60.493675
60.54668,59.439793,59.306946,60.545654,59.099884,62.629086,58.935894,60.92832,60.574615
48.708557,48.548096,46.82654,47.342857,45.897835,48.249207,50.389095,45.71257,49.959114
44.20048,43.41902,41.989296,41.753902,41.62862,43.72081,45.87765,40.512924,44.77762
40.1548,40.701645,40.434452,39.34457,40.84166,41.124996,41.153328,39.528217,42.290413
59.941563,57.2468,57.824184,57.225815,57.863808,61.462467,59.358948,59.779045,59.929085
59.73855,58.70288,58.567837,60.016792,58.23308,62.1426,57.941772,60.355354,60.114456
55.326572,56.244976,55.52632,57.040775,53.364784,56.279037,53.288773,55.880127,57.17644
57.04669,56.91499,56.433365,57.953724,55.40564,59.327747,54.72964,57.49397,58.213123
60.612907,59.43833,59.44827,59.7215,59.045418,62.336617,59.846855,60.764393,60.63528
59.138683,58.582127,58.336876,59.89829,57.670746,61.450924,57.312744,59.92682,59.929863
56.82578,56.797653,56.04975,57.677032,54.268337,58.171005,53.9385,56.87893,57.530018
56.281933,57.277924,56.50459,57.964813,54.43041,56.911697,54.208786,56.631878,57.9249
61.37837,60.878216,60.825527,62.113388,60.488396,63.423866,60.017254,61.955902,62.034485
69.1085,69.70732,72.21553,68.47923,74.04917,73.19753,71.56413,66.58791,70.92374
67.38205,67.971405,69.973694,67.98703,69.97132,69.60309,69.35481,67.073,68.3382
58.065308,59.05996,58.388676,58.849472,58.24376,59.485672,58.777153,59.066025,59.69419
65.46701,66.0462,64.55183,64.53356,65.306274,65.10404,64.718285,61.916405,61.444717
66.83135,66.9132,66.19576,65.79769,67.67796,66.53045,64.55019,63.645687,63.195374
68.87825,68.553215,68.05471,67.76422,68.858444,68.51394,67.846634,66.19132,66.71549
36.10561,37.187065,42.09281,41.378548,40.9042,43.71912,49.123222,45.322342,48.01391
59.138683,58.582127,58.336876,59.89829,57.670746,61.450924,57.312744,59.92682,59.929863
71.60702,74.36163,72.1384,72.30128,73.44839,73.94885,73.77714,76.186035,72.12808
70.9032,73.346016,71.760025,71.78476,72.809494,73.06049,73.13356,75.34786,71.32083
66.27333,61.715374,62.733315,63.7289,61.766388,61.70375,65.13814,65.17991,64.15631
70.04402,69.02049,68.690765,67.872284,67.72097,69.64564,71.63129,69.55813,71.362686
66.27333,61.715374,62.733315,63.7289,61.766388,61.70375,65.13814,65.17991,64.15631
60.95067,60.15434,64.92424,62.877377,62.912407,62.158684,58.7838,63.817635,65.23538
69.92395,69.8345,69.59161,68.65559,68.67739,70.10238,72.16531,70.14541,71.95648
70.10329,69.89691,69.656784,68.68024,68.64156,70.225296,72.33896,70.307434,72.06321
70.08595,69.163536,69.0394,68.18067,67.74411,69.77285,71.37868,70.08918,70.756905
70.04402,69.02049,68.690765,67.872284,67.72097,69.64564,71.63129,69.55813,71.362686
69.92395,69.8345,69.59161,68.65559,68.67739,70.10238,72.16531,70.14541,71.95648
69.88512,69.825714,69.61781,68.6881,68.67044,70.081955,72.05973,70.185356,71.80325
68.43346,67.79807,68.662445,67.601585,69.3224,68.40264,67.46996,66.16004,67.221466
56.91831,56.75463,60.35089,59.67312,58.31446,57.792206,56.721542,60.099823,61.58008
58.455868,58.59957,57.121223,61.115425,61.531815,60.60607,58.903763,60.143005,60.246017
59.104862,59.23922,57.864365,61.564594,61.955147,61.09188,59.519493,60.66164,60.758644
67.02799,67.02799,67.02799,67.02799,67.02799,67.02799,67.02799,67.02799,67.02799
67.02799,67.02799,67.02799,67.02799,67.02799,67.02799,67.02799,67.02799,67.02799
67.60117,67.34203,67.6946,67.26197,67.96367,67.58862,67.20834,66.67423,67.10711
67.49576,67.28427,67.57202,67.218956,67.79156,67.48551,67.17522,66.73938,67.09264
88.56012,89.94223,90.84377,87.36097,87.640434,90.52458,87.47855,88.997574,89.10452
